Jabatan;Department
Accountant;Finance
CEO;Executive Team
CFO;Executive Team
Chief Technology Officer;Information Systems
Copy Writer;Marketing
Customer Service Representative;Customer Service
Designer;Marketing
Engineer;Facilities
Executive Assistant;Executive Team
HR Assistant;Human Resources
Photographer;Marketing
Product Manager;Travel Products
Sales Representative;Travel Products
Senior Writer;Marketing
Server Adminstrator;Information Systems
Travel Writer;Travel Products
Vice President HR;Human Resources
Video Editor;Marketing
Web Designer;Marketing
